--
-- PostgreSQL database dump
--

\restrict oAf3kEusr0LWqO71giLSIlk7ot8Zph7c5DdxKya4Quy9YHCvD1UGMv41o5k3IBC

-- Dumped from database version 17.5
-- Dumped by pg_dump version 17.6 (Debian 17.6-2.pgdg13+1)

SET statement_timeout = 0;
SET lock_timeout = 0;
SET idle_in_transaction_session_timeout = 0;
SET transaction_timeout = 0;
SET client_encoding = 'UTF8';
SET standard_conforming_strings = on;
SELECT pg_catalog.set_config('search_path', '', false);
SET check_function_bodies = false;
SET xmloption = content;
SET client_min_messages = warning;
SET row_security = off;

SET default_tablespace = '';

SET default_table_access_method = heap;

--
-- Name: auth_group; Type: TABLE; Schema: public; Owner: postgres
--

CREATE TABLE public.auth_group (
    id integer NOT NULL,
    name character varying(150) NOT NULL
);


ALTER TABLE public.auth_group OWNER TO postgres;

--
-- Name: auth_group_id_seq; Type: SEQUENCE; Schema: public; Owner: postgres
--

ALTER TABLE public.auth_group ALTER COLUMN id ADD GENERATED BY DEFAULT AS IDENTITY (
    SEQUENCE NAME public.auth_group_id_seq
    START WITH 1
    INCREMENT BY 1
    NO MINVALUE
    NO MAXVALUE
    CACHE 1
);


--
-- Name: auth_group_permissions; Type: TABLE; Schema: public; Owner: postgres
--

CREATE TABLE public.auth_group_permissions (
    id bigint NOT NULL,
    group_id integer NOT NULL,
    permission_id integer NOT NULL
);


ALTER TABLE public.auth_group_permissions OWNER TO postgres;

--
-- Name: auth_group_permissions_id_seq; Type: SEQUENCE; Schema: public; Owner: postgres
--

ALTER TABLE public.auth_group_permissions ALTER COLUMN id ADD GENERATED BY DEFAULT AS IDENTITY (
    SEQUENCE NAME public.auth_group_permissions_id_seq
    START WITH 1
    INCREMENT BY 1
    NO MINVALUE
    NO MAXVALUE
    CACHE 1
);


--
-- Name: auth_permission; Type: TABLE; Schema: public; Owner: postgres
--

CREATE TABLE public.auth_permission (
    id integer NOT NULL,
    name character varying(255) NOT NULL,
    content_type_id integer NOT NULL,
    codename character varying(100) NOT NULL
);


ALTER TABLE public.auth_permission OWNER TO postgres;

--
-- Name: auth_permission_id_seq; Type: SEQUENCE; Schema: public; Owner: postgres
--

ALTER TABLE public.auth_permission ALTER COLUMN id ADD GENERATED BY DEFAULT AS IDENTITY (
    SEQUENCE NAME public.auth_permission_id_seq
    START WITH 1
    INCREMENT BY 1
    NO MINVALUE
    NO MAXVALUE
    CACHE 1
);


--
-- Name: django_admin_log; Type: TABLE; Schema: public; Owner: postgres
--

CREATE TABLE public.django_admin_log (
    id integer NOT NULL,
    action_time timestamp with time zone NOT NULL,
    object_id text,
    object_repr character varying(200) NOT NULL,
    action_flag smallint NOT NULL,
    change_message text NOT NULL,
    content_type_id integer,
    user_id bigint NOT NULL,
    CONSTRAINT django_admin_log_action_flag_check CHECK ((action_flag >= 0))
);


ALTER TABLE public.django_admin_log OWNER TO postgres;

--
-- Name: django_admin_log_id_seq; Type: SEQUENCE; Schema: public; Owner: postgres
--

ALTER TABLE public.django_admin_log ALTER COLUMN id ADD GENERATED BY DEFAULT AS IDENTITY (
    SEQUENCE NAME public.django_admin_log_id_seq
    START WITH 1
    INCREMENT BY 1
    NO MINVALUE
    NO MAXVALUE
    CACHE 1
);


--
-- Name: django_content_type; Type: TABLE; Schema: public; Owner: postgres
--

CREATE TABLE public.django_content_type (
    id integer NOT NULL,
    app_label character varying(100) NOT NULL,
    model character varying(100) NOT NULL
);


ALTER TABLE public.django_content_type OWNER TO postgres;

--
-- Name: django_content_type_id_seq; Type: SEQUENCE; Schema: public; Owner: postgres
--

ALTER TABLE public.django_content_type ALTER COLUMN id ADD GENERATED BY DEFAULT AS IDENTITY (
    SEQUENCE NAME public.django_content_type_id_seq
    START WITH 1
    INCREMENT BY 1
    NO MINVALUE
    NO MAXVALUE
    CACHE 1
);


--
-- Name: django_migrations; Type: TABLE; Schema: public; Owner: postgres
--

CREATE TABLE public.django_migrations (
    id bigint NOT NULL,
    app character varying(255) NOT NULL,
    name character varying(255) NOT NULL,
    applied timestamp with time zone NOT NULL
);


ALTER TABLE public.django_migrations OWNER TO postgres;

--
-- Name: django_migrations_id_seq; Type: SEQUENCE; Schema: public; Owner: postgres
--

ALTER TABLE public.django_migrations ALTER COLUMN id ADD GENERATED BY DEFAULT AS IDENTITY (
    SEQUENCE NAME public.django_migrations_id_seq
    START WITH 1
    INCREMENT BY 1
    NO MINVALUE
    NO MAXVALUE
    CACHE 1
);


--
-- Name: django_session; Type: TABLE; Schema: public; Owner: postgres
--

CREATE TABLE public.django_session (
    session_key character varying(40) NOT NULL,
    session_data text NOT NULL,
    expire_date timestamp with time zone NOT NULL
);


ALTER TABLE public.django_session OWNER TO postgres;

--
-- Name: reservation_reservation; Type: TABLE; Schema: public; Owner: postgres
--

CREATE TABLE public.reservation_reservation (
    id bigint NOT NULL,
    reservation_date timestamp with time zone NOT NULL,
    number_of_people integer NOT NULL,
    customer_message text,
    restaurant_id bigint NOT NULL,
    customuser_id bigint,
    CONSTRAINT reservation_reservation_number_of_people_1e718bac_check CHECK ((number_of_people >= 0))
);


ALTER TABLE public.reservation_reservation OWNER TO postgres;

--
-- Name: reservation_reservation_id_seq; Type: SEQUENCE; Schema: public; Owner: postgres
--

ALTER TABLE public.reservation_reservation ALTER COLUMN id ADD GENERATED BY DEFAULT AS IDENTITY (
    SEQUENCE NAME public.reservation_reservation_id_seq
    START WITH 1
    INCREMENT BY 1
    NO MINVALUE
    NO MAXVALUE
    CACHE 1
);


--
-- Name: reservation_reservation_table; Type: TABLE; Schema: public; Owner: postgres
--

CREATE TABLE public.reservation_reservation_table (
    id bigint NOT NULL,
    reservation_id bigint NOT NULL,
    restaurant_table_id bigint NOT NULL
);


ALTER TABLE public.reservation_reservation_table OWNER TO postgres;

--
-- Name: reservation_reservation_table_id_seq; Type: SEQUENCE; Schema: public; Owner: postgres
--

ALTER TABLE public.reservation_reservation_table ALTER COLUMN id ADD GENERATED BY DEFAULT AS IDENTITY (
    SEQUENCE NAME public.reservation_reservation_table_id_seq
    START WITH 1
    INCREMENT BY 1
    NO MINVALUE
    NO MAXVALUE
    CACHE 1
);


--
-- Name: restaurant_restaurant; Type: TABLE; Schema: public; Owner: postgres
--

CREATE TABLE public.restaurant_restaurant (
    id bigint NOT NULL,
    name character varying(200) NOT NULL,
    capacity integer,
    reviews double precision,
    description text,
    contact_email character varying(254),
    phone_number character varying(15),
    location character varying(255),
    manager_id bigint
);


ALTER TABLE public.restaurant_restaurant OWNER TO postgres;

--
-- Name: restaurant_restaurant_id_seq; Type: SEQUENCE; Schema: public; Owner: postgres
--

ALTER TABLE public.restaurant_restaurant ALTER COLUMN id ADD GENERATED BY DEFAULT AS IDENTITY (
    SEQUENCE NAME public.restaurant_restaurant_id_seq
    START WITH 1
    INCREMENT BY 1
    NO MINVALUE
    NO MAXVALUE
    CACHE 1
);


--
-- Name: restaurant_restaurant_table; Type: TABLE; Schema: public; Owner: postgres
--

CREATE TABLE public.restaurant_restaurant_table (
    id bigint NOT NULL,
    table_number integer NOT NULL,
    seats integer NOT NULL,
    outdoor boolean NOT NULL,
    is_smoking boolean NOT NULL,
    is_available boolean NOT NULL,
    restaurant_id bigint NOT NULL
);


ALTER TABLE public.restaurant_restaurant_table OWNER TO postgres;

--
-- Name: restaurant_restaurant_table_id_seq; Type: SEQUENCE; Schema: public; Owner: postgres
--

ALTER TABLE public.restaurant_restaurant_table ALTER COLUMN id ADD GENERATED BY DEFAULT AS IDENTITY (
    SEQUENCE NAME public.restaurant_restaurant_table_id_seq
    START WITH 1
    INCREMENT BY 1
    NO MINVALUE
    NO MAXVALUE
    CACHE 1
);


--
-- Name: users_customuser; Type: TABLE; Schema: public; Owner: postgres
--

CREATE TABLE public.users_customuser (
    id bigint NOT NULL,
    password character varying(128) NOT NULL,
    last_login timestamp with time zone,
    is_superuser boolean NOT NULL,
    username character varying(150) NOT NULL,
    first_name character varying(150) NOT NULL,
    last_name character varying(150) NOT NULL,
    email character varying(254) NOT NULL,
    is_staff boolean NOT NULL,
    is_active boolean NOT NULL,
    date_joined timestamp with time zone NOT NULL,
    phone_number character varying(15)
);


ALTER TABLE public.users_customuser OWNER TO postgres;

--
-- Name: users_customuser_groups; Type: TABLE; Schema: public; Owner: postgres
--

CREATE TABLE public.users_customuser_groups (
    id bigint NOT NULL,
    customuser_id bigint NOT NULL,
    group_id integer NOT NULL
);


ALTER TABLE public.users_customuser_groups OWNER TO postgres;

--
-- Name: users_customuser_groups_id_seq; Type: SEQUENCE; Schema: public; Owner: postgres
--

ALTER TABLE public.users_customuser_groups ALTER COLUMN id ADD GENERATED BY DEFAULT AS IDENTITY (
    SEQUENCE NAME public.users_customuser_groups_id_seq
    START WITH 1
    INCREMENT BY 1
    NO MINVALUE
    NO MAXVALUE
    CACHE 1
);


--
-- Name: users_customuser_id_seq; Type: SEQUENCE; Schema: public; Owner: postgres
--

ALTER TABLE public.users_customuser ALTER COLUMN id ADD GENERATED BY DEFAULT AS IDENTITY (
    SEQUENCE NAME public.users_customuser_id_seq
    START WITH 1
    INCREMENT BY 1
    NO MINVALUE
    NO MAXVALUE
    CACHE 1
);


--
-- Name: users_customuser_user_permissions; Type: TABLE; Schema: public; Owner: postgres
--

CREATE TABLE public.users_customuser_user_permissions (
    id bigint NOT NULL,
    customuser_id bigint NOT NULL,
    permission_id integer NOT NULL
);


ALTER TABLE public.users_customuser_user_permissions OWNER TO postgres;

--
-- Name: users_customuser_user_permissions_id_seq; Type: SEQUENCE; Schema: public; Owner: postgres
--

ALTER TABLE public.users_customuser_user_permissions ALTER COLUMN id ADD GENERATED BY DEFAULT AS IDENTITY (
    SEQUENCE NAME public.users_customuser_user_permissions_id_seq
    START WITH 1
    INCREMENT BY 1
    NO MINVALUE
    NO MAXVALUE
    CACHE 1
);


--
-- Data for Name: auth_group; Type: TABLE DATA; Schema: public; Owner: postgres
--

COPY public.auth_group (id, name) FROM stdin;
1	Manager
\.


--
-- Data for Name: auth_group_permissions; Type: TABLE DATA; Schema: public; Owner: postgres
--

COPY public.auth_group_permissions (id, group_id, permission_id) FROM stdin;
1	1	33
2	1	34
3	1	35
4	1	44
5	1	29
6	1	30
7	1	31
\.


--
-- Data for Name: auth_permission; Type: TABLE DATA; Schema: public; Owner: postgres
--

COPY public.auth_permission (id, name, content_type_id, codename) FROM stdin;
1	Can add log entry	1	add_logentry
2	Can change log entry	1	change_logentry
3	Can delete log entry	1	delete_logentry
4	Can view log entry	1	view_logentry
5	Can add permission	2	add_permission
6	Can change permission	2	change_permission
7	Can delete permission	2	delete_permission
8	Can view permission	2	view_permission
9	Can add group	3	add_group
10	Can change group	3	change_group
11	Can delete group	3	delete_group
12	Can view group	3	view_group
13	Can add content type	4	add_contenttype
14	Can change content type	4	change_contenttype
15	Can delete content type	4	delete_contenttype
16	Can view content type	4	view_contenttype
17	Can add session	5	add_session
18	Can change session	5	change_session
19	Can delete session	5	delete_session
20	Can view session	5	view_session
21	Can add reservation	6	add_reservation
22	Can change reservation	6	change_reservation
23	Can delete reservation	6	delete_reservation
24	Can view reservation	6	view_reservation
25	Can add reservation_ table	7	add_reservation_table
26	Can change reservation_ table	7	change_reservation_table
27	Can delete reservation_ table	7	delete_reservation_table
28	Can view reservation_ table	7	view_reservation_table
29	Can add restaurant	8	add_restaurant
30	Can change restaurant	8	change_restaurant
31	Can delete restaurant	8	delete_restaurant
32	Can view restaurant	8	view_restaurant
33	Can add restaurant_ table	9	add_restaurant_table
34	Can change restaurant_ table	9	change_restaurant_table
35	Can delete restaurant_ table	9	delete_restaurant_table
36	Can view restaurant_ table	9	view_restaurant_table
37	Can add customer	10	add_customer
38	Can change customer	10	change_customer
39	Can delete customer	10	delete_customer
40	Can view customer	10	view_customer
41	Can add user	11	add_customuser
42	Can change user	11	change_customuser
43	Can delete user	11	delete_customuser
44	Can view user	11	view_customuser
\.


--
-- Data for Name: django_admin_log; Type: TABLE DATA; Schema: public; Owner: postgres
--

COPY public.django_admin_log (id, action_time, object_id, object_repr, action_flag, change_message, content_type_id, user_id) FROM stdin;
1	2025-08-26 10:44:17.23532+02	5	hey	3		11	1
2	2025-08-26 10:44:17.235364+02	4	natnat	3		11	1
3	2025-08-26 10:44:17.235384+02	3	nat	3		11	1
4	2025-08-26 10:44:17.2354+02	2	caro	3		11	1
5	2025-08-28 10:15:12.211713+02	6	Nat	3		11	1
6	2025-08-28 10:15:21.757665+02	30	Table 5 at Tacos Express (3 seats) Available	2	[{"changed": {"fields": ["Is available"]}}]	9	1
7	2025-08-28 10:15:23.639107+02	30	Table 5 at Tacos Express (3 seats) Available	2	[]	9	1
8	2025-08-28 10:15:27.455699+02	26	Table 1 at Tacos Express (3 seats) Available	2	[{"changed": {"fields": ["Is available"]}}]	9	1
9	2025-08-28 10:15:31.801388+02	22	Table 2 at La Trattoria (4 seats) Available	2	[{"changed": {"fields": ["Is available"]}}]	9	1
10	2025-08-28 10:15:37.6465+02	12	Table 2 at Sushi Zen (4 seats) Available	2	[{"changed": {"fields": ["Is available"]}}]	9	1
11	2025-08-28 10:15:41.989085+02	5	Table 5 at Le Gourmet (3 seats) Available	2	[{"changed": {"fields": ["Is available"]}}]	9	1
12	2025-08-28 10:15:46.592578+02	3	Table 3 at Le Gourmet (5 seats) Available	2	[{"changed": {"fields": ["Is available"]}}]	9	1
13	2025-08-28 10:15:52.702673+02	2	Table 2 at Le Gourmet (4 seats) Available	2	[{"changed": {"fields": ["Is available"]}}]	9	1
14	2025-08-28 10:15:57.072916+02	1	Table 1 at Le Gourmet (3 seats) Available	2	[{"changed": {"fields": ["Is available"]}}]	9	1
15	2025-08-28 10:16:20.28556+02	8	Reservation pour 4 personnes à Sushi Zen le 2026-05-06 18:04	3		6	1
16	2025-08-28 10:16:20.285631+02	7	Reservation pour 3 personnes à Le Gourmet le 2026-05-06 20:00	3		6	1
17	2025-08-28 10:16:20.285683+02	6	Reservation pour 3 personnes à Le Gourmet le 2026-05-08 18:00	3		6	1
18	2025-08-28 10:16:20.285731+02	5	Reservation pour 3 personnes à Le Gourmet le 2026-05-08 18:00	3		6	1
19	2025-08-28 10:16:20.28578+02	4	Reservation pour 3 personnes à Le Gourmet le 2026-05-08 18:00	3		6	1
20	2025-08-28 10:16:20.285828+02	3	Reservation pour 3 personnes à Tacos Express le 2026-05-06 18:00	3		6	1
21	2025-08-28 10:16:20.285874+02	2	Reservation pour 3 personnes à Tacos Express le 2026-05-06 18:00	3		6	1
22	2025-08-28 10:18:43.456386+02	7	Caroline	3		11	1
23	2025-08-28 10:18:52.712977+02	17	Table 2 at Burger House (4 seats) Available	2	[{"changed": {"fields": ["Is available"]}}]	9	1
24	2025-08-28 10:21:16.642134+02	8	caroline	3		11	1
25	2025-08-28 10:21:25.60796+02	10	Reservation pour 4 personnes à Le Gourmet le 2026-04-03 18:00	3		6	1
26	2025-08-28 10:21:38.745825+02	2	Table 2 at Le Gourmet (4 seats) Available	2	[{"changed": {"fields": ["Is available"]}}]	9	1
27	2025-09-01 10:39:55.485473+02	1	Manager	1	[{"added": {}}]	3	1
28	2025-09-01 11:33:17.85403+02	1	Caro	2	[{"changed": {"fields": ["Groups"]}}]	11	1
29	2025-09-01 12:13:27.799337+02	8	Bistrot	3		8	1
30	2025-09-01 12:13:27.799379+02	7	Caro Pizza	3		8	1
31	2025-09-01 14:24:16.32788+02	9	Caro pizza	3		8	1
32	2025-09-02 13:29:40.321874+02	15	caro	3		8	1
33	2025-09-02 13:29:40.32192+02	14	nat	3		8	1
34	2025-09-02 13:29:40.321935+02	13	aaaa	3		8	1
35	2025-09-02 13:29:40.321948+02	12	Caroline Lopez	3		8	1
36	2025-09-02 13:29:40.32196+02	11	Caro pasta	3		8	1
37	2025-09-03 10:02:50.978724+02	10	nat	3		11	1
38	2025-09-03 10:02:50.978776+02	9	caroline	3		11	1
39	2025-09-08 15:47:33.151726+02	12	Reservation pour 2 personnes à Caro resto le 2025-09-04 18:00	1	[{"added": {}}]	6	1
40	2025-09-08 15:48:37.016427+02	50	Table 3 at Caro resto (6 seats) Available	1	[{"added": {}}]	9	1
41	2025-09-08 15:48:46.417737+02	51	Table 4 at Caro resto (2 seats) Available	1	[{"added": {}}]	9	1
42	2025-09-08 15:48:57.79818+02	52	Table 5 at Caro resto (4 seats) Available	1	[{"added": {}}]	9	1
43	2025-09-08 15:49:26.740203+02	13	Reservation pour 4 personnes à Caro resto le 2025-09-08 18:00	1	[{"added": {}}]	6	1
44	2025-09-08 15:50:05.946459+02	14	Reservation pour 2 personnes à Caro resto le 2025-09-17 18:00	1	[{"added": {}}]	6	1
45	2025-09-08 17:31:36.966061+02	15	Reservation pour 2 personnes à Caro resto le 2025-09-08 17:13	3		6	1
46	2025-09-08 17:31:36.966136+02	14	Reservation pour 2 personnes à Caro resto le 2025-09-17 16:00	3		6	1
47	2025-09-08 17:31:36.966187+02	13	Reservation pour 4 personnes à Caro resto le 2025-09-08 16:00	3		6	1
48	2025-09-08 17:31:36.966234+02	12	Reservation pour 2 personnes à Caro resto le 2025-09-04 16:00	3		6	1
49	2025-09-08 19:00:11.450773+02	15	Table n°2 pour une réservation au 2025-09-09 16:53	3		7	1
50	2025-09-08 19:00:11.450823+02	14	Table n°2 pour une réservation au 2025-09-09 18:00	3		7	1
51	2025-09-08 19:00:11.450852+02	13	Table n°2 pour une réservation au 2025-09-08 18:59	3		7	1
52	2025-09-08 19:02:13.396918+02	51	Table 4 at Caro resto (2 seats) Available	2	[{"changed": {"fields": ["Is available"]}}]	9	1
53	2025-09-08 19:02:17.471484+02	48	Table 2 at Caro pizza (6 seats) Available	2	[{"changed": {"fields": ["Is available"]}}]	9	1
54	2025-09-08 19:02:20.523624+02	46	Table 2 at Caro resto (4 seats) Available	2	[{"changed": {"fields": ["Is available"]}}]	9	1
55	2025-09-08 19:02:23.627691+02	45	Table 2 at Caro pizza (4 seats) Available	2	[{"changed": {"fields": ["Is available"]}}]	9	1
56	2025-09-08 19:02:30.453146+02	7	Table 2 at Pizza Fiesta (4 seats) Not Available	2	[]	9	1
57	2025-09-10 10:45:00.951179+02	46	Table 2 at Caro resto (4 seats) Available	2	[{"changed": {"fields": ["Is available"]}}]	9	1
58	2025-09-10 10:45:04.632912+02	52	Table 5 at Caro resto (4 seats) Available	2	[{"changed": {"fields": ["Is available"]}}]	9	1
59	2025-09-10 10:45:11.525128+02	45	Table 2 at Jean Pasta (4 seats) Available	2	[{"changed": {"fields": ["Is available"]}}]	9	1
60	2025-09-10 10:45:17.260413+02	7	Table 2 at Pizza Fiesta (4 seats) Available	2	[{"changed": {"fields": ["Is available"]}}]	9	1
61	2025-09-10 10:45:29.167161+02	21	Reservation pour 4 personnes à Caro resto le 2025-09-09 18:00	3		6	1
62	2025-09-10 10:45:29.167216+02	20	Reservation pour 4 personnes à Caro resto le 2025-09-09 18:00	3		6	1
63	2025-09-10 10:45:29.167245+02	19	Reservation pour 4 personnes à Jean Pasta le 2025-09-09 18:01	3		6	1
64	2025-09-10 10:45:29.167269+02	18	Reservation pour 4 personnes à Jean Pasta le 2025-09-09 16:53	3		6	1
65	2025-09-10 10:45:29.16729+02	17	Reservation pour 4 personnes à Jean Pasta le 2025-09-09 18:00	3		6	1
66	2025-09-10 10:45:29.167313+02	16	Reservation pour 2 personnes à Caro resto le 2025-09-08 18:59	3		6	1
\.


--
-- Data for Name: django_content_type; Type: TABLE DATA; Schema: public; Owner: postgres
--

COPY public.django_content_type (id, app_label, model) FROM stdin;
1	admin	logentry
2	auth	permission
3	auth	group
4	contenttypes	contenttype
5	sessions	session
6	reservation	reservation
7	reservation	reservation_table
8	restaurant	restaurant
9	restaurant	restaurant_table
10	users	customer
11	users	customuser
\.


--
-- Data for Name: django_migrations; Type: TABLE DATA; Schema: public; Owner: postgres
--

COPY public.django_migrations (id, app, name, applied) FROM stdin;
1	contenttypes	0001_initial	2025-08-25 15:39:15.588826+02
2	contenttypes	0002_remove_content_type_name	2025-08-25 15:39:15.599921+02
3	auth	0001_initial	2025-08-25 15:39:15.642449+02
4	auth	0002_alter_permission_name_max_length	2025-08-25 15:39:15.646704+02
5	auth	0003_alter_user_email_max_length	2025-08-25 15:39:15.650208+02
6	auth	0004_alter_user_username_opts	2025-08-25 15:39:15.653549+02
7	auth	0005_alter_user_last_login_null	2025-08-25 15:39:15.657059+02
8	auth	0006_require_contenttypes_0002	2025-08-25 15:39:15.658374+02
9	auth	0007_alter_validators_add_error_messages	2025-08-25 15:39:15.662605+02
10	auth	0008_alter_user_username_max_length	2025-08-25 15:39:15.667504+02
11	auth	0009_alter_user_last_name_max_length	2025-08-25 15:39:15.671373+02
12	auth	0010_alter_group_name_max_length	2025-08-25 15:39:15.67851+02
13	auth	0011_update_proxy_permissions	2025-08-25 15:39:15.682759+02
14	auth	0012_alter_user_first_name_max_length	2025-08-25 15:39:15.686356+02
15	users	0001_initial	2025-08-25 15:39:15.724163+02
16	admin	0001_initial	2025-08-25 15:39:15.745115+02
17	admin	0002_logentry_remove_auto_add	2025-08-25 15:39:15.752598+02
18	admin	0003_logentry_add_action_flag_choices	2025-08-25 15:39:15.75767+02
19	restaurant	0001_initial	2025-08-25 15:39:15.771189+02
22	sessions	0001_initial	2025-08-25 15:39:15.810964+02
23	reservation	0001_initial	2025-08-26 10:43:44.095738+02
24	reservation	0002_initial	2025-08-26 10:43:44.123492+02
25	reservation	0003_remove_reservation_customer_reservation_customuser	2025-08-26 10:43:44.1494+02
26	users	0002_delete_customer	2025-08-26 10:43:44.15166+02
27	restaurant	0002_restaurant_table_manager	2025-09-01 12:13:11.935369+02
28	restaurant	0003_remove_restaurant_table_manager_restaurant_manager	2025-09-01 14:22:45.063522+02
29	restaurant	0004_alter_restaurant_capacity	2025-09-15 10:59:03.571007+02
30	reservation	0004_alter_reservation_number_of_people	2025-11-10 10:49:01.965306+01
\.


--
-- Data for Name: django_session; Type: TABLE DATA; Schema: public; Owner: postgres
--

COPY public.django_session (session_key, session_data, expire_date) FROM stdin;
5g777rf7kc20b4viwizpqfi4lqyudr4t	.eJxVjMsOwiAQRf-FtSEwUh4u3fcbyDAMUjU0Ke3K-O_apAvd3nPOfYmI21rj1nmJUxYXobU4_Y4J6cFtJ_mO7TZLmtu6TEnuijxol-Oc-Xk93L-Dir1-a4MDWgteFQMcCAKyozNgxqJCwAyDo2C81QkKs3NEyarsgJTxhFjE-wMQgTjD:1utiWV:G8EwiBLSY5374oBPuAIXYHbk9I8W2qQWELDdG9SkiXs	2025-09-17 10:07:19.824561+02
iuk84ufplegzf2kc7a065pn01xqspvjy	.eJxVjEEOwiAQRe_C2hDoUDq4dN8zkIEZbNW0SWlXxrsbki50-997_60iHfsUjypbnFldlVWX3y1RfsrSAD9oua86r8u-zUk3RZ-06nFled1O9-9gojq1OnTBWKACwbIFwOwKoWGS4PvBCRvEhGmQAtLnzvpODKA4QG_AOas-X9S1Nxc:1uvX2q:tBwyMyRdFzmL3mLIp6W3baDNZKTPezDqOjyJiZGDZXk	2025-09-22 10:16:12.599261+02
n017fm1djj6cr07zdmaa73ihtpc36jgq	.eJxVjEEOwiAQRe_C2hDoUDq4dN8zkIEZbNW0SWlXxrsbki50-997_60iHfsUjypbnFldlVWX3y1RfsrSAD9oua86r8u-zUk3RZ-06nFled1O9-9gojq1OnTBWKACwbIFwOwKoWGS4PvBCRvEhGmQAtLnzvpODKA4QG_AOas-X9S1Nxc:1uz9XZ:zQzNaaIah2YUIsE2tjPC4OEbRTLojeYM-d3iP-ex2Io	2025-10-02 09:58:53.478984+02
kosejp5zbem4dygamgkyeebgeig6ebul	.eJxVjEEOwiAQRe_C2hDoUDq4dN8zkIEZbNW0SWlXxrsbki50-997_60iHfsUjypbnFldlVWX3y1RfsrSAD9oua86r8u-zUk3RZ-06nFled1O9-9gojq1OnTBWKACwbIFwOwKoWGS4PvBCRvEhGmQAtLnzvpODKA4QG_AOas-X9S1Nxc:1vDNJ4:GJ9LBtrXO7kmDyDmwkDArkssktfI9_KH-9YLy3TakB0	2025-11-10 14:30:42.653472+01
\.


--
-- Data for Name: reservation_reservation; Type: TABLE DATA; Schema: public; Owner: postgres
--

COPY public.reservation_reservation (id, reservation_date, number_of_people, customer_message, restaurant_id, customuser_id) FROM stdin;
22	2025-09-10 20:00:00+02	4		16	14
23	2025-11-05 20:30:00+01	4	Je voudrais une table près de la fenêtre.	1	16
24	2025-11-06 20:30:00+01	4	Je voudrais une table près de la fenêtre.	20	16
25	2025-11-07 20:30:00+01	6	Je voudrais une table près de la fenêtre.	20	17
\.


--
-- Data for Name: reservation_reservation_table; Type: TABLE DATA; Schema: public; Owner: postgres
--

COPY public.reservation_reservation_table (id, reservation_id, restaurant_table_id) FROM stdin;
19	22	46
\.


--
-- Data for Name: restaurant_restaurant; Type: TABLE DATA; Schema: public; Owner: postgres
--

COPY public.restaurant_restaurant (id, name, capacity, reviews, description, contact_email, phone_number, location, manager_id) FROM stdin;
1	Le Gourmet	50	4.5	Cuisine française raffinée.	contact@legourmet.fr	0123456789	Paris	\N
2	Pizza Fiesta	80	4.2	Meilleures pizzas de la ville.	contact@pizzafiesta.fr	0987654321	Lyon	\N
3	Sushi Zen	40	4.8	Sushis frais et authentiques.	contact@sushizen.fr	0112233445	Marseille	\N
4	Burger House	60	4.1	Burgers gourmands et frites maison.	contact@burgerhouse.fr	0223344556	Toulouse	\N
5	La Trattoria	70	4.3	Cuisine italienne traditionnelle.	contact@latrattoria.fr	0334455667	Nice	\N
6	Tacos Express	55	4	Tacos rapides et délicieux.	contact@tacos.fr	0445566778	Lille	\N
16	Caro resto	25	\N		carolinelpz34@gmail.com	02020202	Nîmes	1
18	Jean Pasta	25	\N	meilleures pates	carolinelpz34@gmail.com	0641731582	Grenoble	1
20	Le Petit Resto	50	4.5	Restaurant cosy avec plats traditionnels.	contact@lepetitresto.com	0123456789	Paris	1
21	Restau	50	4.5	Restaurant cosy avec plats traditionnels.	contact@restau.com	0123456789	Paris	1
\.


--
-- Data for Name: restaurant_restaurant_table; Type: TABLE DATA; Schema: public; Owner: postgres
--

COPY public.restaurant_restaurant_table (id, table_number, seats, outdoor, is_smoking, is_available, restaurant_id) FROM stdin;
4	4	2	t	f	t	1
6	1	3	f	f	t	2
8	3	5	f	t	t	2
9	4	2	t	f	t	2
10	5	3	f	f	t	2
11	1	3	f	f	t	3
13	3	5	f	t	t	3
14	4	2	t	f	t	3
15	5	3	f	f	t	3
16	1	3	f	f	t	4
18	3	5	f	t	t	4
19	4	2	t	f	t	4
20	5	3	f	f	t	4
21	1	3	f	f	t	5
23	3	5	f	t	t	5
24	4	2	t	f	t	5
25	5	3	f	f	t	5
27	2	4	t	f	t	6
28	3	5	f	t	t	6
29	4	2	t	f	t	6
30	5	3	f	f	t	6
26	1	3	f	f	t	6
22	2	4	t	f	t	5
12	2	4	t	f	t	3
5	5	3	f	f	t	1
3	3	5	f	t	t	1
1	1	3	f	f	t	1
17	2	4	t	f	t	4
2	2	4	t	f	t	1
47	1	2	f	f	t	18
50	3	6	f	f	t	16
51	4	2	f	f	t	16
48	2	6	t	f	t	18
52	5	4	f	f	t	16
7	2	4	t	f	t	2
45	3	4	t	f	t	18
46	2	4	f	f	f	16
53	1	4	f	f	t	20
54	2	6	f	f	t	20
55	3	6	f	f	t	20
56	4	6	f	f	t	20
57	5	4	f	f	t	20
58	7	4	f	f	t	20
\.


--
-- Data for Name: users_customuser; Type: TABLE DATA; Schema: public; Owner: postgres
--

COPY public.users_customuser (id, password, last_login, is_superuser, username, first_name, last_name, email, is_staff, is_active, date_joined, phone_number) FROM stdin;
12	pbkdf2_sha256$1000000$cpweOlcpKcgj5nq64NjKoq$Pd36Sj/MNnQ0rwGOGOttTS00LfBJqebCTF5Zvth9ngo=	2025-09-08 18:51:11.259006+02	f	nat	Nathalie	Raiffaud	hashinkaro@gmail.com	f	t	2025-09-08 18:50:46.589406+02	0641731582
13	pbkdf2_sha256$1000000$sqkknnjopiFhUHOnxbQ54b$4F0DennkePX5pyY8ij3Lnrme17s+JPzgFoH2mjieaXw=	2025-09-08 19:05:25.167356+02	f	alice	Alice	Duport	hashinkaro@gmail.com	f	t	2025-09-08 18:53:02.433541+02	0641731582
14	pbkdf2_sha256$1000000$TKaNXRdWS3AapdhQtskam8$B58czFZlaey5su4pUz9TTes37Kfha5SNPJEH9vPsEHc=	2025-09-10 11:05:24.356632+02	f	paul	Paul	Dupont	carolinelpz34@gmail.com	f	t	2025-09-10 10:46:35.500926+02	0641731582
15	pbkdf2_sha256$1000000$74XiwZ0TnyhKybpoxI9lox$fKeE/RBOpelKw7GserYBA7dueRX7DzMweBzeifVjGrM=	\N	f	caro			caro@gmail.com	f	t	2025-10-27 11:08:38.369232+01	0606060606
1	pbkdf2_sha256$1000000$tcaZS9sLPHvZ7JQ9dn6TSJ$/zwoUXyKWdqNlhAMTCjniJ9fbIRViV9NjTSpx3Jg0KA=	2025-10-27 14:30:42.613649+01	t	Caro			carolinelpz34@gmail.com	t	t	2025-08-25 15:40:04+02	\N
16	pbkdf2_sha256$1000000$VRZXcP36vGJJibYWxMdkrY$OBlnErifin6AZzK3azGcMgEz34ovXQCcb4lhjwq6Gg8=	\N	f	caro1			caro1@gmail.com	f	t	2025-10-29 10:12:23.389379+01	0606060606
17	pbkdf2_sha256$1000000$GjVTHQ0Y3OyPKnZjgfV3on$pREQx34fAtiTtcPJyt2ivfV4W+8HJmhKyIMlJ2DnAdY=	\N	f	caro2			caro2@gmail.com	f	t	2025-10-29 12:19:38.556171+01	0606060606
11	pbkdf2_sha256$1000000$niiDFaiOBZYcz0x75YAjYK$M4xmPFkzL0K98xph9BKQRsUK8SjevwaQUqBZum00p/0=	2025-09-04 15:33:16.553721+02	f	caroline			carolinelpz34@gmail.com	f	t	2025-09-03 10:03:31.550843+02	0641731582
\.


--
-- Data for Name: users_customuser_groups; Type: TABLE DATA; Schema: public; Owner: postgres
--

COPY public.users_customuser_groups (id, customuser_id, group_id) FROM stdin;
1	1	1
\.


--
-- Data for Name: users_customuser_user_permissions; Type: TABLE DATA; Schema: public; Owner: postgres
--

COPY public.users_customuser_user_permissions (id, customuser_id, permission_id) FROM stdin;
\.


--
-- Name: auth_group_id_seq; Type: SEQUENCE SET; Schema: public; Owner: postgres
--

SELECT pg_catalog.setval('public.auth_group_id_seq', 1, true);


--
-- Name: auth_group_permissions_id_seq; Type: SEQUENCE SET; Schema: public; Owner: postgres
--

SELECT pg_catalog.setval('public.auth_group_permissions_id_seq', 7, true);


--
-- Name: auth_permission_id_seq; Type: SEQUENCE SET; Schema: public; Owner: postgres
--

SELECT pg_catalog.setval('public.auth_permission_id_seq', 44, true);


--
-- Name: django_admin_log_id_seq; Type: SEQUENCE SET; Schema: public; Owner: postgres
--

SELECT pg_catalog.setval('public.django_admin_log_id_seq', 66, true);


--
-- Name: django_content_type_id_seq; Type: SEQUENCE SET; Schema: public; Owner: postgres
--

SELECT pg_catalog.setval('public.django_content_type_id_seq', 11, true);


--
-- Name: django_migrations_id_seq; Type: SEQUENCE SET; Schema: public; Owner: postgres
--

SELECT pg_catalog.setval('public.django_migrations_id_seq', 30, true);


--
-- Name: reservation_reservation_id_seq; Type: SEQUENCE SET; Schema: public; Owner: postgres
--

SELECT pg_catalog.setval('public.reservation_reservation_id_seq', 25, true);


--
-- Name: reservation_reservation_table_id_seq; Type: SEQUENCE SET; Schema: public; Owner: postgres
--

SELECT pg_catalog.setval('public.reservation_reservation_table_id_seq', 19, true);


--
-- Name: restaurant_restaurant_id_seq; Type: SEQUENCE SET; Schema: public; Owner: postgres
--

SELECT pg_catalog.setval('public.restaurant_restaurant_id_seq', 21, true);


--
-- Name: restaurant_restaurant_table_id_seq; Type: SEQUENCE SET; Schema: public; Owner: postgres
--

SELECT pg_catalog.setval('public.restaurant_restaurant_table_id_seq', 58, true);


--
-- Name: users_customuser_groups_id_seq; Type: SEQUENCE SET; Schema: public; Owner: postgres
--

SELECT pg_catalog.setval('public.users_customuser_groups_id_seq', 1, true);


--
-- Name: users_customuser_id_seq; Type: SEQUENCE SET; Schema: public; Owner: postgres
--

SELECT pg_catalog.setval('public.users_customuser_id_seq', 17, true);


--
-- Name: users_customuser_user_permissions_id_seq; Type: SEQUENCE SET; Schema: public; Owner: postgres
--

SELECT pg_catalog.setval('public.users_customuser_user_permissions_id_seq', 1, false);


--
-- Name: auth_group auth_group_name_key; Type: CONSTRAINT; Schema: public; Owner: postgres
--

ALTER TABLE ONLY public.auth_group
    ADD CONSTRAINT auth_group_name_key UNIQUE (name);


--
-- Name: auth_group_permissions auth_group_permissions_group_id_permission_id_0cd325b0_uniq; Type: CONSTRAINT; Schema: public; Owner: postgres
--

ALTER TABLE ONLY public.auth_group_permissions
    ADD CONSTRAINT auth_group_permissions_group_id_permission_id_0cd325b0_uniq UNIQUE (group_id, permission_id);


--
-- Name: auth_group_permissions auth_group_permissions_pkey; Type: CONSTRAINT; Schema: public; Owner: postgres
--

ALTER TABLE ONLY public.auth_group_permissions
    ADD CONSTRAINT auth_group_permissions_pkey PRIMARY KEY (id);


--
-- Name: auth_group auth_group_pkey; Type: CONSTRAINT; Schema: public; Owner: postgres
--

ALTER TABLE ONLY public.auth_group
    ADD CONSTRAINT auth_group_pkey PRIMARY KEY (id);


--
-- Name: auth_permission auth_permission_content_type_id_codename_01ab375a_uniq; Type: CONSTRAINT; Schema: public; Owner: postgres
--

ALTER TABLE ONLY public.auth_permission
    ADD CONSTRAINT auth_permission_content_type_id_codename_01ab375a_uniq UNIQUE (content_type_id, codename);


--
-- Name: auth_permission auth_permission_pkey; Type: CONSTRAINT; Schema: public; Owner: postgres
--

ALTER TABLE ONLY public.auth_permission
    ADD CONSTRAINT auth_permission_pkey PRIMARY KEY (id);


--
-- Name: django_admin_log django_admin_log_pkey; Type: CONSTRAINT; Schema: public; Owner: postgres
--

ALTER TABLE ONLY public.django_admin_log
    ADD CONSTRAINT django_admin_log_pkey PRIMARY KEY (id);


--
-- Name: django_content_type django_content_type_app_label_model_76bd3d3b_uniq; Type: CONSTRAINT; Schema: public; Owner: postgres
--

ALTER TABLE ONLY public.django_content_type
    ADD CONSTRAINT django_content_type_app_label_model_76bd3d3b_uniq UNIQUE (app_label, model);


--
-- Name: django_content_type django_content_type_pkey; Type: CONSTRAINT; Schema: public; Owner: postgres
--

ALTER TABLE ONLY public.django_content_type
    ADD CONSTRAINT django_content_type_pkey PRIMARY KEY (id);


--
-- Name: django_migrations django_migrations_pkey; Type: CONSTRAINT; Schema: public; Owner: postgres
--

ALTER TABLE ONLY public.django_migrations
    ADD CONSTRAINT django_migrations_pkey PRIMARY KEY (id);


--
-- Name: django_session django_session_pkey; Type: CONSTRAINT; Schema: public; Owner: postgres
--

ALTER TABLE ONLY public.django_session
    ADD CONSTRAINT django_session_pkey PRIMARY KEY (session_key);


--
-- Name: reservation_reservation reservation_reservation_pkey; Type: CONSTRAINT; Schema: public; Owner: postgres
--

ALTER TABLE ONLY public.reservation_reservation
    ADD CONSTRAINT reservation_reservation_pkey PRIMARY KEY (id);


--
-- Name: reservation_reservation_table reservation_reservation_table_pkey; Type: CONSTRAINT; Schema: public; Owner: postgres
--

ALTER TABLE ONLY public.reservation_reservation_table
    ADD CONSTRAINT reservation_reservation_table_pkey PRIMARY KEY (id);


--
-- Name: restaurant_restaurant restaurant_restaurant_pkey; Type: CONSTRAINT; Schema: public; Owner: postgres
--

ALTER TABLE ONLY public.restaurant_restaurant
    ADD CONSTRAINT restaurant_restaurant_pkey PRIMARY KEY (id);


--
-- Name: restaurant_restaurant_table restaurant_restaurant_table_pkey; Type: CONSTRAINT; Schema: public; Owner: postgres
--

ALTER TABLE ONLY public.restaurant_restaurant_table
    ADD CONSTRAINT restaurant_restaurant_table_pkey PRIMARY KEY (id);


--
-- Name: users_customuser_groups users_customuser_groups_customuser_id_group_id_76b619e3_uniq; Type: CONSTRAINT; Schema: public; Owner: postgres
--

ALTER TABLE ONLY public.users_customuser_groups
    ADD CONSTRAINT users_customuser_groups_customuser_id_group_id_76b619e3_uniq UNIQUE (customuser_id, group_id);


--
-- Name: users_customuser_groups users_customuser_groups_pkey; Type: CONSTRAINT; Schema: public; Owner: postgres
--

ALTER TABLE ONLY public.users_customuser_groups
    ADD CONSTRAINT users_customuser_groups_pkey PRIMARY KEY (id);


--
-- Name: users_customuser users_customuser_pkey; Type: CONSTRAINT; Schema: public; Owner: postgres
--

ALTER TABLE ONLY public.users_customuser
    ADD CONSTRAINT users_customuser_pkey PRIMARY KEY (id);


--
-- Name: users_customuser_user_permissions users_customuser_user_pe_customuser_id_permission_7a7debf6_uniq; Type: CONSTRAINT; Schema: public; Owner: postgres
--

ALTER TABLE ONLY public.users_customuser_user_permissions
    ADD CONSTRAINT users_customuser_user_pe_customuser_id_permission_7a7debf6_uniq UNIQUE (customuser_id, permission_id);


--
-- Name: users_customuser_user_permissions users_customuser_user_permissions_pkey; Type: CONSTRAINT; Schema: public; Owner: postgres
--

ALTER TABLE ONLY public.users_customuser_user_permissions
    ADD CONSTRAINT users_customuser_user_permissions_pkey PRIMARY KEY (id);


--
-- Name: users_customuser users_customuser_username_key; Type: CONSTRAINT; Schema: public; Owner: postgres
--

ALTER TABLE ONLY public.users_customuser
    ADD CONSTRAINT users_customuser_username_key UNIQUE (username);


--
-- Name: auth_group_name_a6ea08ec_like; Type: INDEX; Schema: public; Owner: postgres
--

CREATE INDEX auth_group_name_a6ea08ec_like ON public.auth_group USING btree (name varchar_pattern_ops);


--
-- Name: auth_group_permissions_group_id_b120cbf9; Type: INDEX; Schema: public; Owner: postgres
--

CREATE INDEX auth_group_permissions_group_id_b120cbf9 ON public.auth_group_permissions USING btree (group_id);


--
-- Name: auth_group_permissions_permission_id_84c5c92e; Type: INDEX; Schema: public; Owner: postgres
--

CREATE INDEX auth_group_permissions_permission_id_84c5c92e ON public.auth_group_permissions USING btree (permission_id);


--
-- Name: auth_permission_content_type_id_2f476e4b; Type: INDEX; Schema: public; Owner: postgres
--

CREATE INDEX auth_permission_content_type_id_2f476e4b ON public.auth_permission USING btree (content_type_id);


--
-- Name: django_admin_log_content_type_id_c4bce8eb; Type: INDEX; Schema: public; Owner: postgres
--

CREATE INDEX django_admin_log_content_type_id_c4bce8eb ON public.django_admin_log USING btree (content_type_id);


--
-- Name: django_admin_log_user_id_c564eba6; Type: INDEX; Schema: public; Owner: postgres
--

CREATE INDEX django_admin_log_user_id_c564eba6 ON public.django_admin_log USING btree (user_id);


--
-- Name: django_session_expire_date_a5c62663; Type: INDEX; Schema: public; Owner: postgres
--

CREATE INDEX django_session_expire_date_a5c62663 ON public.django_session USING btree (expire_date);


--
-- Name: django_session_session_key_c0390e0f_like; Type: INDEX; Schema: public; Owner: postgres
--

CREATE INDEX django_session_session_key_c0390e0f_like ON public.django_session USING btree (session_key varchar_pattern_ops);


--
-- Name: reservation_reservation_customuser_id_7ddd791d; Type: INDEX; Schema: public; Owner: postgres
--

CREATE INDEX reservation_reservation_customuser_id_7ddd791d ON public.reservation_reservation USING btree (customuser_id);


--
-- Name: reservation_reservation_restaurant_id_f5e7d04b; Type: INDEX; Schema: public; Owner: postgres
--

CREATE INDEX reservation_reservation_restaurant_id_f5e7d04b ON public.reservation_reservation USING btree (restaurant_id);


--
-- Name: reservation_reservation_table_reservation_id_6a788afa; Type: INDEX; Schema: public; Owner: postgres
--

CREATE INDEX reservation_reservation_table_reservation_id_6a788afa ON public.reservation_reservation_table USING btree (reservation_id);


--
-- Name: reservation_reservation_table_restaurant_table_id_41d2ee99; Type: INDEX; Schema: public; Owner: postgres
--

CREATE INDEX reservation_reservation_table_restaurant_table_id_41d2ee99 ON public.reservation_reservation_table USING btree (restaurant_table_id);


--
-- Name: restaurant_restaurant_manager_id_853f4456; Type: INDEX; Schema: public; Owner: postgres
--

CREATE INDEX restaurant_restaurant_manager_id_853f4456 ON public.restaurant_restaurant USING btree (manager_id);


--
-- Name: restaurant_restaurant_table_restaurant_id_af7b733c; Type: INDEX; Schema: public; Owner: postgres
--

CREATE INDEX restaurant_restaurant_table_restaurant_id_af7b733c ON public.restaurant_restaurant_table USING btree (restaurant_id);


--
-- Name: users_customuser_groups_customuser_id_958147bf; Type: INDEX; Schema: public; Owner: postgres
--

CREATE INDEX users_customuser_groups_customuser_id_958147bf ON public.users_customuser_groups USING btree (customuser_id);


--
-- Name: users_customuser_groups_group_id_01390b14; Type: INDEX; Schema: public; Owner: postgres
--

CREATE INDEX users_customuser_groups_group_id_01390b14 ON public.users_customuser_groups USING btree (group_id);


--
-- Name: users_customuser_user_permissions_customuser_id_5771478b; Type: INDEX; Schema: public; Owner: postgres
--

CREATE INDEX users_customuser_user_permissions_customuser_id_5771478b ON public.users_customuser_user_permissions USING btree (customuser_id);


--
-- Name: users_customuser_user_permissions_permission_id_baaa2f74; Type: INDEX; Schema: public; Owner: postgres
--

CREATE INDEX users_customuser_user_permissions_permission_id_baaa2f74 ON public.users_customuser_user_permissions USING btree (permission_id);


--
-- Name: users_customuser_username_80452fdf_like; Type: INDEX; Schema: public; Owner: postgres
--

CREATE INDEX users_customuser_username_80452fdf_like ON public.users_customuser USING btree (username varchar_pattern_ops);


--
-- Name: auth_group_permissions auth_group_permissio_permission_id_84c5c92e_fk_auth_perm; Type: FK CONSTRAINT; Schema: public; Owner: postgres
--

ALTER TABLE ONLY public.auth_group_permissions
    ADD CONSTRAINT auth_group_permissio_permission_id_84c5c92e_fk_auth_perm FOREIGN KEY (permission_id) REFERENCES public.auth_permission(id) DEFERRABLE INITIALLY DEFERRED;


--
-- Name: auth_group_permissions auth_group_permissions_group_id_b120cbf9_fk_auth_group_id; Type: FK CONSTRAINT; Schema: public; Owner: postgres
--

ALTER TABLE ONLY public.auth_group_permissions
    ADD CONSTRAINT auth_group_permissions_group_id_b120cbf9_fk_auth_group_id FOREIGN KEY (group_id) REFERENCES public.auth_group(id) DEFERRABLE INITIALLY DEFERRED;


--
-- Name: auth_permission auth_permission_content_type_id_2f476e4b_fk_django_co; Type: FK CONSTRAINT; Schema: public; Owner: postgres
--

ALTER TABLE ONLY public.auth_permission
    ADD CONSTRAINT auth_permission_content_type_id_2f476e4b_fk_django_co FOREIGN KEY (content_type_id) REFERENCES public.django_content_type(id) DEFERRABLE INITIALLY DEFERRED;


--
-- Name: django_admin_log django_admin_log_content_type_id_c4bce8eb_fk_django_co; Type: FK CONSTRAINT; Schema: public; Owner: postgres
--

ALTER TABLE ONLY public.django_admin_log
    ADD CONSTRAINT django_admin_log_content_type_id_c4bce8eb_fk_django_co FOREIGN KEY (content_type_id) REFERENCES public.django_content_type(id) DEFERRABLE INITIALLY DEFERRED;


--
-- Name: django_admin_log django_admin_log_user_id_c564eba6_fk_users_customuser_id; Type: FK CONSTRAINT; Schema: public; Owner: postgres
--

ALTER TABLE ONLY public.django_admin_log
    ADD CONSTRAINT django_admin_log_user_id_c564eba6_fk_users_customuser_id FOREIGN KEY (user_id) REFERENCES public.users_customuser(id) DEFERRABLE INITIALLY DEFERRED;


--
-- Name: reservation_reservation reservation_reservat_customuser_id_7ddd791d_fk_users_cus; Type: FK CONSTRAINT; Schema: public; Owner: postgres
--

ALTER TABLE ONLY public.reservation_reservation
    ADD CONSTRAINT reservation_reservat_customuser_id_7ddd791d_fk_users_cus FOREIGN KEY (customuser_id) REFERENCES public.users_customuser(id) DEFERRABLE INITIALLY DEFERRED;


--
-- Name: reservation_reservation_table reservation_reservat_reservation_id_6a788afa_fk_reservati; Type: FK CONSTRAINT; Schema: public; Owner: postgres
--

ALTER TABLE ONLY public.reservation_reservation_table
    ADD CONSTRAINT reservation_reservat_reservation_id_6a788afa_fk_reservati FOREIGN KEY (reservation_id) REFERENCES public.reservation_reservation(id) DEFERRABLE INITIALLY DEFERRED;


--
-- Name: reservation_reservation reservation_reservat_restaurant_id_f5e7d04b_fk_restauran; Type: FK CONSTRAINT; Schema: public; Owner: postgres
--

ALTER TABLE ONLY public.reservation_reservation
    ADD CONSTRAINT reservation_reservat_restaurant_id_f5e7d04b_fk_restauran FOREIGN KEY (restaurant_id) REFERENCES public.restaurant_restaurant(id) DEFERRABLE INITIALLY DEFERRED;


--
-- Name: reservation_reservation_table reservation_reservat_restaurant_table_id_41d2ee99_fk_restauran; Type: FK CONSTRAINT; Schema: public; Owner: postgres
--

ALTER TABLE ONLY public.reservation_reservation_table
    ADD CONSTRAINT reservation_reservat_restaurant_table_id_41d2ee99_fk_restauran FOREIGN KEY (restaurant_table_id) REFERENCES public.restaurant_restaurant_table(id) DEFERRABLE INITIALLY DEFERRED;


--
-- Name: restaurant_restaurant restaurant_restauran_manager_id_853f4456_fk_users_cus; Type: FK CONSTRAINT; Schema: public; Owner: postgres
--

ALTER TABLE ONLY public.restaurant_restaurant
    ADD CONSTRAINT restaurant_restauran_manager_id_853f4456_fk_users_cus FOREIGN KEY (manager_id) REFERENCES public.users_customuser(id) DEFERRABLE INITIALLY DEFERRED;


--
-- Name: restaurant_restaurant_table restaurant_restauran_restaurant_id_af7b733c_fk_restauran; Type: FK CONSTRAINT; Schema: public; Owner: postgres
--

ALTER TABLE ONLY public.restaurant_restaurant_table
    ADD CONSTRAINT restaurant_restauran_restaurant_id_af7b733c_fk_restauran FOREIGN KEY (restaurant_id) REFERENCES public.restaurant_restaurant(id) DEFERRABLE INITIALLY DEFERRED;


--
-- Name: users_customuser_groups users_customuser_gro_customuser_id_958147bf_fk_users_cus; Type: FK CONSTRAINT; Schema: public; Owner: postgres
--

ALTER TABLE ONLY public.users_customuser_groups
    ADD CONSTRAINT users_customuser_gro_customuser_id_958147bf_fk_users_cus FOREIGN KEY (customuser_id) REFERENCES public.users_customuser(id) DEFERRABLE INITIALLY DEFERRED;


--
-- Name: users_customuser_groups users_customuser_groups_group_id_01390b14_fk_auth_group_id; Type: FK CONSTRAINT; Schema: public; Owner: postgres
--

ALTER TABLE ONLY public.users_customuser_groups
    ADD CONSTRAINT users_customuser_groups_group_id_01390b14_fk_auth_group_id FOREIGN KEY (group_id) REFERENCES public.auth_group(id) DEFERRABLE INITIALLY DEFERRED;


--
-- Name: users_customuser_user_permissions users_customuser_use_customuser_id_5771478b_fk_users_cus; Type: FK CONSTRAINT; Schema: public; Owner: postgres
--

ALTER TABLE ONLY public.users_customuser_user_permissions
    ADD CONSTRAINT users_customuser_use_customuser_id_5771478b_fk_users_cus FOREIGN KEY (customuser_id) REFERENCES public.users_customuser(id) DEFERRABLE INITIALLY DEFERRED;


--
-- Name: users_customuser_user_permissions users_customuser_use_permission_id_baaa2f74_fk_auth_perm; Type: FK CONSTRAINT; Schema: public; Owner: postgres
--

ALTER TABLE ONLY public.users_customuser_user_permissions
    ADD CONSTRAINT users_customuser_use_permission_id_baaa2f74_fk_auth_perm FOREIGN KEY (permission_id) REFERENCES public.auth_permission(id) DEFERRABLE INITIALLY DEFERRED;


--
-- PostgreSQL database dump complete
--

\unrestrict oAf3kEusr0LWqO71giLSIlk7ot8Zph7c5DdxKya4Quy9YHCvD1UGMv41o5k3IBC

